OrderID,ProductID,UnitPrice,Quantity,Discount,Total_Price
10248,11,14,12,0,168
10248,42,9.8,10,0,98
10248,72,34.8,5,0,174
10249,14,18.6,9,0,167.4
10249,51,42.4,40,0,1696
10250,41,7.7,10,0,77
10250,51,42.4,35,0.15,1261.4
10250,65,16.8,15,0.15,214.2
10251,22,16.8,6,0.05,95.76
10251,57,15.6,15,0.05,222.3
10251,65,16.8,20,0,336
10252,20,64.8,40,0.05,2462.4
10252,33,2,25,0.05,47.5
10252,60,27.2,40,0,1088
10253,31,10,20,0,200
10253,39,14.4,42,0,604.8
10253,49,16,40,0,640
10254,24,3.6,15,0.15,45.9
10254,55,19.2,21,0.15,342.72
10254,74,8,21,0,168
10255,2,15.2,20,0,304
10255,16,13.9,35,0,486.5
10255,36,15.2,25,0,380
10255,59,44,30,0,1320
10256,53,26.2,15,0,393
10256,77,10.4,12,0,124.8
10257,27,35.1,25,0,877.5
10257,39,14.4,6,0,86.4
10257,77,10.4,15,0,156
10258,2,15.2,50,0.2,608
10258,5,17,65,0.2,884
10258,32,25.6,6,0.2,122.88
10259,21,8,10,0,80
10259,37,20.8,1,0,20.8
10260,41,7.7,16,0.25,92.4
10260,57,15.6,50,0,780
10260,62,39.4,15,0.25,443.25
10260,70,12,21,0.25,189
10261,21,8,20,0,160
10261,35,14.4,20,0,288
10262,5,17,12,0.2,163.2
10262,7,24,15,0,360
10262,56,30.4,2,0,60.8
10263,16,13.9,60,0.25,625.5
10263,24,3.6,28,0,100.8
10263,30,20.7,60,0.25,931.5
10263,74,8,36,0.25,216
10264,2,15.2,35,0,532
10264,41,7.7,25,0.15,163.625
10265,17,31.2,30,0,936
10265,70,12,20,0,240
10266,12,30.4,12,0.05,346.56
10267,40,14.7,50,0,735
10267,59,44,70,0.15,2618
10267,76,14.4,15,0.15,183.6
10268,29,99,10,0,990
10268,72,27.8,4,0,111.2
10269,33,2,60,0.05,114
10269,72,27.8,20,0.05,528.2
10270,36,15.2,30,0,456
10270,43,36.8,25,0,920
10271,33,2,24,0,48
10272,20,64.8,6,0,388.8
10272,31,10,40,0,400
10272,72,27.8,24,0,667.2
10273,10,24.8,24,0.05,565.44
10273,31,10,15,0.05,142.5
10273,33,2,20,0,40
10273,40,14.7,60,0.05,837.9
10273,76,14.4,33,0.05,451.44
10274,71,17.2,20,0,344
10274,72,27.8,7,0,194.6
10275,24,3.6,12,0.05,41.04
10275,59,44,6,0.05,250.8
10276,10,24.8,15,0,372
10276,13,4.8,10,0,48
10277,28,36.4,20,0,728
10277,62,39.4,12,0,472.8
10278,44,15.5,16,0,248
10278,59,44,15,0,660
10278,63,35.1,8,0,280.8
10278,73,12,25,0,300
10279,17,31.2,15,0.25,351
10280,24,3.6,12,0,43.2
10280,55,19.2,20,0,384
10280,75,6.2,30,0,186
10281,19,7.3,1,0,7.3
10281,24,3.6,6,0,21.6
10281,35,14.4,4,0,57.6
10282,30,20.7,6,0,124.2
10282,57,15.6,2,0,31.2
10283,15,12.4,20,0,248
10283,19,7.3,18,0,131.4
10283,60,27.2,35,0,952
10283,72,27.8,3,0,83.4
10284,27,35.1,15,0.25,394.875
10284,44,15.5,21,0,325.5
10284,60,27.2,20,0.25,408
10284,67,11.2,5,0.25,42
10285,1,14.4,45,0.2,518.4
10285,40,14.7,40,0.2,470.4
10285,53,26.2,36,0.2,754.56
10286,35,14.4,100,0,1440
10286,62,39.4,40,0,1576
10287,16,13.9,40,0.15,472.6
10287,34,11.2,20,0,224
10287,46,9.6,15,0.15,122.4
10288,54,5.9,10,0.1,53.1
10288,68,10,3,0.1,27
10289,3,8,30,0,240
10289,64,26.6,9,0,239.4
10290,5,17,20,0,340
10290,29,99,15,0,1485
10290,49,16,15,0,240
10290,77,10.4,10,0,104
10291,13,4.8,20,0.1,86.4
10291,44,15.5,24,0.1,334.8
10291,51,42.4,2,0.1,76.32
10292,20,64.8,20,0,1296
10293,18,50,12,0,600
10293,24,3.6,10,0,36
10293,63,35.1,5,0,175.5
10293,75,6.2,6,0,37.2
10294,1,14.4,18,0,259.2
10294,17,31.2,15,0,468
10294,43,36.8,15,0,552
10294,60,27.2,21,0,571.2
10294,75,6.2,6,0,37.2
10295,56,30.4,4,0,121.6
10296,11,16.8,12,0,201.6
10296,16,13.9,30,0,417
10296,69,28.8,15,0,432
10297,39,14.4,60,0,864
10297,72,27.8,20,0,556
10298,2,15.2,40,0,608
10298,36,15.2,40,0.25,456
10298,59,44,30,0.25,990
10298,62,39.4,15,0,591
10299,19,7.3,15,0,109.5
10299,70,12,20,0,240
10300,66,13.6,30,0,408
10300,68,10,20,0,200
10301,40,14.7,10,0,147
10301,56,30.4,20,0,608
10302,17,31.2,40,0,1248
10302,28,36.4,28,0,1019.2
10302,43,36.8,12,0,441.6
10303,40,14.7,40,0.1,529.2
10303,65,16.8,30,0.1,453.6
10303,68,10,15,0.1,135
10304,49,16,30,0,480
10304,59,44,10,0,440
10304,71,17.2,2,0,34.4
10305,18,50,25,0.1,1125
10305,29,99,25,0.1,2227.5
10305,39,14.4,30,0.1,388.8
10306,30,20.7,10,0,207
10306,53,26.2,10,0,262
10306,54,5.9,5,0,29.5
10307,62,39.4,10,0,394
10307,68,10,3,0,30
10308,69,28.8,1,0,28.8
10308,70,12,5,0,60
10309,4,17.6,20,0,352
10309,6,20,30,0,600
10309,42,11.2,2,0,22.4
10309,43,36.8,20,0,736
10309,71,17.2,3,0,51.6
10310,16,13.9,10,0,139
10310,62,39.4,5,0,197
10311,42,11.2,6,0,67.2
10311,69,28.8,7,0,201.6
10312,28,36.4,4,0,145.6
10312,43,36.8,24,0,883.2
10312,53,26.2,20,0,524
10312,75,6.2,10,0,62
10313,36,15.2,12,0,182.4
10314,32,25.6,40,0.1,921.6
10314,58,10.6,30,0.1,286.2
10314,62,39.4,25,0.1,886.5
10315,34,11.2,14,0,156.8
10315,70,12,30,0,360
10316,41,7.7,10,0,77
10316,62,39.4,70,0,2758
10317,1,14.4,20,0,288
10318,41,7.7,20,0,154
10318,76,14.4,6,0,86.4
10319,17,31.2,8,0,249.6
10319,28,36.4,14,0,509.6
10319,76,14.4,30,0,432
10320,71,17.2,30,0,516
10321,35,14.4,10,0,144
10322,52,5.6,20,0,112
10323,15,12.4,5,0,62
10323,25,11.2,4,0,44.8
10323,39,14.4,4,0,57.6
10324,16,13.9,21,0.15,248.115
10324,35,14.4,70,0.15,856.8
10324,46,9.6,30,0,288
10324,59,44,40,0.15,1496
10324,63,35.1,80,0.15,2386.8
10325,6,20,6,0,120
10325,13,4.8,12,0,57.6
10325,14,18.6,9,0,167.4
10325,31,10,4,0,40
10325,72,27.8,40,0,1112
10326,4,17.6,24,0,422.4
10326,57,15.6,16,0,249.6
10326,75,6.2,50,0,310
10327,2,15.2,25,0.2,304
10327,11,16.8,50,0.2,672
10327,30,20.7,35,0.2,579.6
10327,58,10.6,30,0.2,254.4
10328,59,44,9,0,396
10328,65,16.8,40,0,672
10328,68,10,10,0,100
10329,19,7.3,10,0.05,69.35
10329,30,20.7,8,0.05,157.32
10329,38,210.8,20,0.05,4005.2
10329,56,30.4,12,0.05,346.56
10330,26,24.9,50,0.15,1058.25
10330,72,27.8,25,0.15,590.75
10331,54,5.9,15,0,88.5
10332,18,50,40,0.2,1600
10332,42,11.2,10,0.2,89.6
10332,47,7.6,16,0.2,97.28
10333,14,18.6,10,0,186
10333,21,8,10,0.1,72
10333,71,17.2,40,0.1,619.2
10334,52,5.6,8,0,44.8
10334,68,10,10,0,100
10335,2,15.2,7,0.2,85.12
10335,31,10,25,0.2,200
10335,32,25.6,6,0.2,122.88
10335,51,42.4,48,0.2,1628.16
10336,4,17.6,18,0.1,285.12
10337,23,7.2,40,0,288
10337,26,24.9,24,0,597.6
10337,36,15.2,20,0,304
10337,37,20.8,28,0,582.4
10337,72,27.8,25,0,695
10338,17,31.2,20,0,624
10338,30,20.7,15,0,310.5
10339,4,17.6,10,0,176
10339,17,31.2,70,0.05,2074.8
10339,62,39.4,28,0,1103.2
10340,18,50,20,0.05,950
10340,41,7.7,12,0.05,87.78
10340,43,36.8,40,0.05,1398.4
10341,33,2,8,0,16
10341,59,44,9,0.15,336.6
10342,2,15.2,24,0.2,291.84
10342,31,10,56,0.2,448
10342,36,15.2,40,0.2,486.4
10342,55,19.2,40,0.2,614.4
10343,64,26.6,50,0,1330
10343,68,10,4,0.05,38
10343,76,14.4,15,0,216
10344,4,17.6,35,0,616
10344,8,32,70,0.25,1680
10345,8,32,70,0,2240
10345,19,7.3,80,0,584
10345,42,11.2,9,0,100.8
10346,17,31.2,36,0.1,1010.88
10346,56,30.4,20,0,608
10347,25,11.2,10,0,112
10347,39,14.4,50,0.15,612
10347,40,14.7,4,0,58.8
10347,75,6.2,6,0.15,31.62
10348,1,14.4,15,0.15,183.6
10348,23,7.2,25,0,180
10349,54,5.9,24,0,141.6
10350,50,13,15,0.1,175.5
10350,69,28.8,18,0.1,466.56
10351,38,210.8,20,0.05,4005.2
10351,41,7.7,13,0,100.1
10351,44,15.5,77,0.05,1133.825
10351,65,16.8,10,0.05,159.6
10352,24,3.6,10,0,36
10352,54,5.9,20,0.15,100.3
10353,11,16.8,12,0.2,161.28
10353,38,210.8,50,0.2,8432
10354,1,14.4,12,0,172.8
10354,29,99,4,0,396
10355,24,3.6,25,0,90
10355,57,15.6,25,0,390
10356,31,10,30,0,300
10356,55,19.2,12,0,230.4
10356,69,28.8,20,0,576
10357,10,24.8,30,0.2,595.2
10357,26,24.9,16,0,398.4
10357,60,27.2,8,0.2,174.08
10358,24,3.6,10,0.05,34.2
10358,34,11.2,10,0.05,106.4
10358,36,15.2,20,0.05,288.8
10359,16,13.9,56,0.05,739.48
10359,31,10,70,0.05,665
10359,60,27.2,80,0.05,2067.2
10360,28,36.4,30,0,1092
10360,29,99,35,0,3465
10360,38,210.8,10,0,2108
10360,49,16,35,0,560
10360,54,5.9,28,0,165.2
10361,39,14.4,54,0.1,699.84
10361,60,27.2,55,0.1,1346.4
10362,25,11.2,50,0,560
10362,51,42.4,20,0,848
10362,54,5.9,24,0,141.6
10363,31,10,20,0,200
10363,75,6.2,12,0,74.4
10363,76,14.4,12,0,172.8
10364,69,28.8,30,0,864
10364,71,17.2,5,0,86
10365,11,16.8,24,0,403.2
10366,65,16.8,5,0,84
10366,77,10.4,5,0,52
10367,34,11.2,36,0,403.2
10367,54,5.9,18,0,106.2
10367,65,16.8,15,0,252
10367,77,10.4,7,0,72.8
10368,21,8,5,0.1,36
10368,28,36.4,13,0.1,425.88
10368,57,15.6,25,0,390
10368,64,26.6,35,0.1,837.9
10369,29,99,20,0,1980
10369,56,30.4,18,0.25,410.4
10370,1,14.4,15,0.15,183.6
10370,64,26.6,30,0,798
10370,74,8,20,0.15,136
10371,36,15.2,6,0.2,72.96
10372,20,64.8,12,0.25,583.2
10372,38,210.8,40,0.25,6324
10372,60,27.2,70,0.25,1428
10372,72,27.8,42,0.25,875.7
10373,58,10.6,80,0.2,678.4
10373,71,17.2,50,0.2,688
10374,31,10,30,0,300
10374,58,10.6,15,0,159
10375,14,18.6,15,0,279
10375,54,5.9,10,0,59
10376,31,10,42,0.05,399
10377,28,36.4,20,0.15,618.8
10377,39,14.4,20,0.15,244.8
10378,71,17.2,6,0,103.2
10379,41,7.7,8,0.1,55.44
10379,63,35.1,16,0.1,505.44
10379,65,16.8,20,0.1,302.4
10380,30,20.7,18,0.1,335.34
10380,53,26.2,20,0.1,471.6
10380,60,27.2,6,0.1,146.88
10380,70,12,30,0,360
10381,74,8,14,0,112
10382,5,17,32,0,544
10382,18,50,9,0,450
10382,29,99,14,0,1386
10382,33,2,60,0,120
10382,74,8,50,0,400
10383,13,4.8,20,0,96
10383,50,13,15,0,195
10383,56,30.4,20,0,608
10384,20,64.8,28,0,1814.4
10384,60,27.2,15,0,408
10385,7,24,10,0.2,192
10385,60,27.2,20,0.2,435.2
10385,68,10,8,0.2,64
10386,24,3.6,15,0,54
10386,34,11.2,10,0,112
10387,24,3.6,15,0,54
10387,28,36.4,6,0,218.4
10387,59,44,12,0,528
10387,71,17.2,15,0,258
10388,45,7.6,15,0.2,91.2
10388,52,5.6,20,0.2,89.6
10388,53,26.2,40,0,1048
10389,10,24.8,16,0,396.8
10389,55,19.2,15,0,288
10389,62,39.4,20,0,788
10389,70,12,30,0,360
10390,31,10,60,0.1,540
10390,35,14.4,40,0.1,518.4
10390,46,9.6,45,0,432
10390,72,27.8,24,0.1,600.48
10391,13,4.8,18,0,86.4
10392,69,28.8,50,0,1440
10393,2,15.2,25,0.25,285
10393,14,18.6,42,0.25,585.9
10393,25,11.2,7,0.25,58.8
10393,26,24.9,70,0.25,1307.25
10393,31,10,32,0,320
10394,13,4.8,10,0,48
10394,62,39.4,10,0,394
10395,46,9.6,28,0.1,241.92
10395,53,26.2,70,0.1,1650.6
10395,69,28.8,8,0,230.4
10396,23,7.2,40,0,288
10396,71,17.2,60,0,1032
10396,72,27.8,21,0,583.8
10397,21,8,10,0.15,68
10397,51,42.4,18,0.15,648.72
10398,35,14.4,30,0,432
10398,55,19.2,120,0.1,2073.6
10399,68,10,60,0,600
10399,71,17.2,30,0,516
10399,76,14.4,35,0,504
10399,77,10.4,14,0,145.6
10400,29,99,21,0,2079
10400,35,14.4,35,0,504
10400,49,16,30,0,480
10401,30,20.7,18,0,372.6
10401,56,30.4,70,0,2128
10401,65,16.8,20,0,336
10401,71,17.2,60,0,1032
10402,23,7.2,60,0,432
10402,63,35.1,65,0,2281.5
10403,16,13.9,21,0.15,248.115
10403,48,10.2,70,0.15,606.9
10404,26,24.9,30,0.05,709.65
10404,42,11.2,40,0.05,425.6
10404,49,16,30,0.05,456
10405,3,8,50,0,400
10406,1,14.4,10,0,144
10406,21,8,30,0.1,216
10406,28,36.4,42,0.1,1375.92
10406,36,15.2,5,0.1,68.4
10406,40,14.7,2,0.1,26.46
10407,11,16.8,30,0,504
10407,69,28.8,15,0,432
10407,71,17.2,15,0,258
10408,37,20.8,10,0,208
10408,54,5.9,6,0,35.4
10408,62,39.4,35,0,1379
10409,14,18.6,12,0,223.2
10409,21,8,12,0,96
10410,33,2,49,0,98
10410,59,44,16,0,704
10411,41,7.7,25,0.2,154
10411,44,15.5,40,0.2,496
10411,59,44,9,0.2,316.8
10412,14,18.6,20,0.1,334.8
10413,1,14.4,24,0,345.6
10413,62,39.4,40,0,1576
10413,76,14.4,14,0,201.6
10414,19,7.3,18,0.05,124.83
10414,33,2,50,0,100
10415,17,31.2,2,0,62.4
10415,33,2,20,0,40
10416,19,7.3,20,0,146
10416,53,26.2,10,0,262
10416,57,15.6,20,0,312
10417,38,210.8,50,0,10540
10417,46,9.6,2,0.25,14.4
10417,68,10,36,0.25,270
10417,77,10.4,35,0,364
10418,2,15.2,60,0,912
10418,47,7.6,55,0,418
10418,61,22.8,16,0,364.8
10418,74,8,15,0,120
10419,60,27.2,60,0.05,1550.4
10419,69,28.8,20,0.05,547.2
10420,9,77.6,20,0.1,1396.8
10420,13,4.8,2,0.1,8.64
10420,70,12,8,0.1,86.4
10420,73,12,20,0.1,216
10421,19,7.3,4,0.15,24.82
10421,26,24.9,30,0,747
10421,53,26.2,15,0.15,334.05
10421,77,10.4,10,0.15,88.4
10422,26,24.9,2,0,49.8
10423,31,10,14,0,140
10423,59,44,20,0,880
10424,35,14.4,60,0.2,691.2
10424,38,210.8,49,0.2,8263.36
10424,68,10,30,0.2,240
10425,55,19.2,10,0.25,144
10425,76,14.4,20,0.25,216
10426,56,30.4,5,0,152
10426,64,26.6,7,0,186.2
10427,14,18.6,35,0,651
10428,46,9.6,20,0,192
10429,50,13,40,0,520
10429,63,35.1,35,0.25,921.375
10430,17,31.2,45,0.2,1123.2
10430,21,8,50,0,400
10430,56,30.4,30,0,912
10430,59,44,70,0.2,2464
10431,17,31.2,50,0.25,1170
10431,40,14.7,50,0.25,551.25
10431,47,7.6,30,0.25,171
10432,26,24.9,10,0,249
10432,54,5.9,40,0,236
10433,56,30.4,28,0,851.2
10434,11,16.8,6,0,100.8
10434,76,14.4,18,0.15,220.32
10435,2,15.2,10,0,152
10435,22,16.8,12,0,201.6
10435,72,27.8,10,0,278
10436,46,9.6,5,0,48
10436,56,30.4,40,0.1,1094.4
10436,64,26.6,30,0.1,718.2
10436,75,6.2,24,0.1,133.92
10437,53,26.2,15,0,393
10438,19,7.3,15,0.2,87.6
10438,34,11.2,20,0.2,179.2
10438,57,15.6,15,0.2,187.2
10439,12,30.4,15,0,456
10439,16,13.9,16,0,222.4
10439,64,26.6,6,0,159.6
10439,74,8,30,0,240
10440,2,15.2,45,0.15,581.4
10440,16,13.9,49,0.15,578.935
10440,29,99,24,0.15,2019.6
10440,61,22.8,90,0.15,1744.2
10441,27,35.1,50,0,1755
10442,11,16.8,30,0,504
10442,54,5.9,80,0,472
10442,66,13.6,60,0,816
10443,11,16.8,6,0.2,80.64
10443,28,36.4,12,0,436.8
10444,17,31.2,10,0,312
10444,26,24.9,15,0,373.5
10444,35,14.4,8,0,115.2
10444,41,7.7,30,0,231
10445,39,14.4,6,0,86.4
10445,54,5.9,15,0,88.5
10446,19,7.3,12,0.1,78.84
10446,24,3.6,20,0.1,64.8
10446,31,10,3,0.1,27
10446,52,5.6,15,0.1,75.6
10447,19,7.3,40,0,292
10447,65,16.8,35,0,588
10447,71,17.2,2,0,34.4
10448,26,24.9,6,0,149.4
10448,40,14.7,20,0,294
10449,10,24.8,14,0,347.2
10449,52,5.6,20,0,112
10449,62,39.4,35,0,1379
10450,10,24.8,20,0.2,396.8
10450,54,5.9,6,0.2,28.32
10451,55,19.2,120,0.1,2073.6
10451,64,26.6,35,0.1,837.9
10451,65,16.8,28,0.1,423.36
10451,77,10.4,55,0.1,514.8
10452,28,36.4,15,0,546
10452,44,15.5,100,0.05,1472.5
10453,48,10.2,15,0.1,137.7
10453,70,12,25,0.1,270
10454,16,13.9,20,0.2,222.4
10454,33,2,20,0.2,32
10454,46,9.6,10,0.2,76.8
10455,39,14.4,20,0,288
10455,53,26.2,50,0,1310
10455,61,22.8,25,0,570
10455,71,17.2,30,0,516
10456,21,8,40,0.15,272
10456,49,16,21,0.15,285.6
10457,59,44,36,0,1584
10458,26,24.9,30,0,747
10458,28,36.4,30,0,1092
10458,43,36.8,20,0,736
10458,56,30.4,15,0,456
10458,71,17.2,50,0,860
10459,7,24,16,0.05,364.8
10459,46,9.6,20,0.05,182.4
10459,72,27.8,40,0,1112
10460,68,10,21,0.25,157.5
10460,75,6.2,4,0.25,18.6
10461,21,8,40,0.25,240
10461,30,20.7,28,0.25,434.7
10461,55,19.2,60,0.25,864
10462,13,4.8,1,0,4.8
10462,23,7.2,21,0,151.2
10463,19,7.3,21,0,153.3
10463,42,11.2,50,0,560
10464,4,17.6,16,0.2,225.28
10464,43,36.8,3,0,110.4
10464,56,30.4,30,0.2,729.6
10464,60,27.2,20,0,544
10465,24,3.6,25,0,90
10465,29,99,18,0.1,1603.8
10465,40,14.7,20,0,294
10465,45,7.6,30,0.1,205.2
10465,50,13,25,0,325
10466,11,16.8,10,0,168
10466,46,9.6,5,0,48
10467,24,3.6,28,0,100.8
10467,25,11.2,12,0,134.4
10468,30,20.7,8,0,165.6
10468,43,36.8,15,0,552
10469,2,15.2,40,0.15,516.8
10469,16,13.9,35,0.15,413.525
10469,44,15.5,2,0.15,26.35
10470,18,50,30,0,1500
10470,23,7.2,15,0,108
10470,64,26.6,8,0,212.8
10471,7,24,30,0,720
10471,56,30.4,20,0,608
10472,24,3.6,80,0.05,273.6
10472,51,42.4,18,0,763.2
10473,33,2,12,0,24
10473,71,17.2,12,0,206.4
10474,14,18.6,12,0,223.2
10474,28,36.4,18,0,655.2
10474,40,14.7,21,0,308.7
10474,75,6.2,10,0,62
10475,31,10,35,0.15,297.5
10475,66,13.6,60,0.15,693.6
10475,76,14.4,42,0.15,514.08
10476,55,19.2,2,0.05,36.48
10476,70,12,12,0,144
10477,1,14.4,15,0,216
10477,21,8,21,0.25,126
10477,39,14.4,20,0.25,216
10478,10,24.8,20,0.05,471.2
10479,38,210.8,30,0,6324
10479,53,26.2,28,0,733.6
10479,59,44,60,0,2640
10479,64,26.6,30,0,798
10480,47,7.6,30,0,228
10480,59,44,12,0,528
10481,49,16,24,0,384
10481,60,27.2,40,0,1088
10482,40,14.7,10,0,147
10483,34,11.2,35,0.05,372.4
10483,77,10.4,30,0.05,296.4
10484,21,8,14,0,112
10484,40,14.7,10,0,147
10484,51,42.4,3,0,127.2
10485,2,15.2,20,0.1,273.6
10485,3,8,20,0.1,144
10485,55,19.2,30,0.1,518.4
10485,70,12,60,0.1,648
10486,11,16.8,5,0,84
10486,51,42.4,25,0,1060
10486,74,8,16,0,128
10487,19,7.3,5,0,36.5
10487,26,24.9,30,0,747
10487,54,5.9,24,0.25,106.2
10488,59,44,30,0,1320
10488,73,12,20,0.2,192
10489,11,16.8,15,0.25,189
10489,16,13.9,18,0,250.2
10490,59,44,60,0,2640
10490,68,10,30,0,300
10490,75,6.2,36,0,223.2
10491,44,15.5,15,0.15,197.625
10491,77,10.4,7,0.15,61.88
10492,25,11.2,60,0.05,638.4
10492,42,11.2,20,0.05,212.8
10493,65,16.8,15,0.1,226.8
10493,66,13.6,10,0.1,122.4
10493,69,28.8,10,0.1,259.2
10494,56,30.4,30,0,912
10495,23,7.2,10,0,72
10495,41,7.7,20,0,154
10495,77,10.4,5,0,52
10496,31,10,20,0.05,190
10497,56,30.4,14,0,425.6
10497,72,27.8,25,0,695
10497,77,10.4,25,0,260
10498,24,4.5,14,0,63
10498,40,18.4,5,0,92
10498,42,14,30,0,420
10499,28,45.6,20,0,912
10499,49,20,25,0,500
10500,15,15.5,12,0.05,176.7
10500,28,45.6,8,0.05,346.56
10501,54,7.45,20,0,149
10502,45,9.5,21,0,199.5
10502,53,32.8,6,0,196.8
10502,67,14,30,0,420
10503,14,23.25,70,0,1627.5
10503,65,21.05,20,0,421
10504,2,19,12,0,228
10504,21,10,12,0,120
10504,53,32.8,10,0,328
10504,61,28.5,25,0,712.5
10505,62,49.3,3,0,147.9
10506,25,14,18,0.1,226.8
10506,70,15,14,0.1,189
10507,43,46,15,0.15,586.5
10507,48,12.75,15,0.15,162.5625
10508,13,6,10,0,60
10508,39,18,10,0,180
10509,28,45.6,3,0,136.8
10510,29,123.79,36,0,4456.44
10510,75,7.75,36,0.1,251.1
10511,4,22,50,0.15,935
10511,7,30,50,0.15,1275
10511,8,40,10,0.15,340
10512,24,4.5,10,0.15,38.25
10512,46,12,9,0.15,91.8
10512,47,9.5,6,0.15,48.45
10512,60,34,12,0.15,346.8
10513,21,10,40,0.2,320
10513,32,32,50,0.2,1280
10513,61,28.5,15,0.2,342
10514,20,81,39,0,3159
10514,28,45.6,35,0,1596
10514,56,38,70,0,2660
10514,65,21.05,39,0,820.95
10514,75,7.75,50,0,387.5
10515,9,97,16,0.15,1319.2
10515,16,17.45,50,0,872.5
10515,27,43.9,120,0,5268
10515,33,2.5,16,0.15,34
10515,60,34,84,0.15,2427.6
10516,18,62.5,25,0.1,1406.25
10516,41,9.65,80,0.1,694.8
10516,42,14,20,0,280
10517,52,7,6,0,42
10517,59,55,4,0,220
10517,70,15,6,0,90
10518,24,4.5,5,0,22.5
10518,38,263.5,15,0,3952.5
10518,44,19.45,9,0,175.05
10519,10,31,16,0.05,471.2
10519,56,38,40,0,1520
10519,60,34,10,0.05,323
10520,24,4.5,8,0,36
10520,53,32.8,5,0,164
10521,35,18,3,0,54
10521,41,9.65,10,0,96.5
10521,68,12.5,6,0,75
10522,1,18,40,0.2,576
10522,8,40,24,0,960
10522,30,25.89,20,0.2,414.24
10522,40,18.4,25,0.2,368
10523,17,39,25,0.1,877.5
10523,20,81,15,0.1,1093.5
10523,37,26,18,0.1,421.2
10523,41,9.65,6,0.1,52.11
10524,10,31,2,0,62
10524,30,25.89,10,0,258.9
10524,43,46,60,0,2760
10524,54,7.45,15,0,111.75
10525,36,19,30,0,570
10525,40,18.4,15,0.1,248.4
10526,1,18,8,0.15,122.4
10526,13,6,10,0,60
10526,56,38,30,0.15,969
10527,4,22,50,0.1,990
10527,36,19,30,0.1,513
10528,11,21,3,0,63
10528,33,2.5,8,0.2,16
10528,72,34.8,9,0,313.2
10529,55,24,14,0,336
10529,68,12.5,20,0,250
10529,69,36,10,0,360
10530,17,39,40,0,1560
10530,43,46,25,0,1150
10530,61,28.5,20,0,570
10530,76,18,50,0,900
10531,59,55,2,0,110
10532,30,25.89,15,0,388.35
10532,66,17,24,0,408
10533,4,22,50,0.05,1045
10533,72,34.8,24,0,835.2
10533,73,15,24,0.05,342
10534,30,25.89,10,0,258.9
10534,40,18.4,10,0.2,147.2
10534,54,7.45,10,0.2,59.6
10535,11,21,50,0.1,945
10535,40,18.4,10,0.1,165.6
10535,57,19.5,5,0.1,87.75
10535,59,55,15,0.1,742.5
10536,12,38,15,0.25,427.5
10536,31,12.5,20,0,250
10536,33,2.5,30,0,75
10536,60,34,35,0.25,892.5
10537,31,12.5,30,0,375
10537,51,53,6,0,318
10537,58,13.25,20,0,265
10537,72,34.8,21,0,730.8
10537,73,15,9,0,135
10538,70,15,7,0,105
10538,72,34.8,1,0,34.8
10539,13,6,8,0,48
10539,21,10,15,0,150
10539,33,2.5,15,0,37.5
10539,49,20,6,0,120
10540,3,10,60,0,600
10540,26,31.23,40,0,1249.2
10540,38,263.5,30,0,7905
10540,68,12.5,35,0,437.5
10541,24,4.5,35,0.1,141.75
10541,38,263.5,4,0.1,948.6
10541,65,21.05,36,0.1,682.02
10541,71,21.5,9,0.1,174.15
10542,11,21,15,0.05,299.25
10542,54,7.45,24,0.05,169.86
10543,12,38,30,0.15,969
10543,23,9,70,0.15,535.5
10544,28,45.6,7,0,319.2
10544,67,14,7,0,98
10545,11,21,10,0,210
10546,7,30,10,0,300
10546,35,18,30,0,540
10546,62,49.3,40,0,1972
10547,32,32,24,0.15,652.8
10547,36,19,60,0,1140
10548,34,14,10,0.25,105
10548,41,9.65,14,0,135.1
10549,31,12.5,55,0.15,584.375
10549,45,9.5,100,0.15,807.5
10549,51,53,48,0.15,2162.4
10550,17,39,8,0.1,280.8
10550,19,9.2,10,0,92
10550,21,10,6,0.1,54
10550,61,28.5,10,0.1,256.5
10551,16,17.45,40,0.15,593.3
10551,35,18,20,0.15,306
10551,44,19.45,40,0,778
10552,69,36,18,0,648
10552,75,7.75,30,0,232.5
10553,11,21,15,0,315
10553,16,17.45,14,0,244.3
10553,22,21,24,0,504
10553,31,12.5,30,0,375
10553,35,18,6,0,108
10554,16,17.45,30,0.05,497.325
10554,23,9,20,0.05,171
10554,62,49.3,20,0.05,936.7
10554,77,13,10,0.05,123.5
10555,14,23.25,30,0.2,558
10555,19,9.2,35,0.2,257.6
10555,24,4.5,18,0.2,64.8
10555,51,53,20,0.2,848
10555,56,38,40,0.2,1216
10556,72,34.8,24,0,835.2
10557,64,33.25,30,0,997.5
10557,75,7.75,20,0,155
10558,47,9.5,25,0,237.5
10558,51,53,20,0,1060
10558,52,7,30,0,210
10558,53,32.8,18,0,590.4
10558,73,15,3,0,45
10559,41,9.65,12,0.05,110.01
10559,55,24,18,0.05,410.4
10560,30,25.89,20,0,517.8
10560,62,49.3,15,0.25,554.625
10561,44,19.45,10,0,194.5
10561,51,53,50,0,2650
10562,33,2.5,20,0.1,45
10562,62,49.3,10,0.1,443.7
10563,36,19,25,0,475
10563,52,7,70,0,490
10564,17,39,16,0.05,592.8
10564,31,12.5,6,0.05,71.25
10564,55,24,25,0.05,570
10565,24,4.5,25,0.1,101.25
10565,64,33.25,18,0.1,538.65
10566,11,21,35,0.15,624.75
10566,18,62.5,18,0.15,956.25
10566,76,18,10,0,180
10567,31,12.5,60,0.2,600
10567,51,53,3,0,159
10567,59,55,40,0.2,1760
10568,10,31,5,0,155
10569,31,12.5,35,0.2,350
10569,76,18,30,0,540
10570,11,21,15,0.05,299.25
10570,56,38,60,0.05,2166
10571,14,23.25,11,0.15,217.3875
10571,42,14,28,0.15,333.2
10572,16,17.45,12,0.1,188.46
10572,32,32,10,0.1,288
10572,40,18.4,50,0,920
10572,75,7.75,15,0.1,104.625
10573,17,39,18,0,702
10573,34,14,40,0,560
10573,53,32.8,25,0,820
10574,33,2.5,14,0,35
10574,40,18.4,2,0,36.8
10574,62,49.3,10,0,493
10574,64,33.25,6,0,199.5
10575,59,55,12,0,660
10575,63,43.9,6,0,263.4
10575,72,34.8,30,0,1044
10575,76,18,10,0,180
10576,1,18,10,0,180
10576,31,12.5,20,0,250
10576,44,19.45,21,0,408.45
10577,39,18,10,0,180
10577,75,7.75,20,0,155
10577,77,13,18,0,234
10578,35,18,20,0,360
10578,57,19.5,6,0,117
10579,15,15.5,10,0,155
10579,75,7.75,21,0,162.75
10580,14,23.25,15,0.05,331.3125
10580,41,9.65,9,0.05,82.5075
10580,65,21.05,30,0.05,599.925
10581,75,7.75,50,0.2,310
10582,57,19.5,4,0,78
10582,76,18,14,0,252
10583,29,123.79,10,0,1237.9
10583,60,34,24,0.15,693.6
10583,69,36,10,0.15,306
10584,31,12.5,50,0.05,593.75
10585,47,9.5,15,0,142.5
10586,52,7,4,0.15,23.8
10587,26,31.23,6,0,187.38
10587,35,18,20,0,360
10587,77,13,20,0,260
10588,18,62.5,40,0.2,2000
10588,42,14,100,0.2,1120
10589,35,18,4,0,72
10590,1,18,20,0,360
10590,77,13,60,0.05,741
10591,3,10,14,0,140
10591,7,30,10,0,300
10591,54,7.45,50,0,372.5
10592,15,15.5,25,0.05,368.125
10592,26,31.23,5,0.05,148.3425
10593,20,81,21,0.2,1360.8
10593,69,36,20,0.2,576
10593,76,18,4,0.2,57.6
10594,52,7,24,0,168
10594,58,13.25,30,0,397.5
10595,35,18,30,0.25,405
10595,61,28.5,120,0.25,2565
10595,69,36,65,0.25,1755
10596,56,38,5,0.2,152
10596,63,43.9,24,0.2,842.88
10596,75,7.75,30,0.2,186
10597,24,4.5,35,0.2,126
10597,57,19.5,20,0,390
10597,65,21.05,12,0.2,202.08
10598,27,43.9,50,0,2195
10598,71,21.5,9,0,193.5
10599,62,49.3,10,0,493
10600,54,7.45,4,0,29.8
10600,73,15,30,0,450
10601,13,6,60,0,360
10601,59,55,35,0,1925
10602,77,13,5,0.25,48.75
10603,22,21,48,0,1008
10603,49,20,25,0.05,475
10604,48,12.75,6,0.1,68.85
10604,76,18,10,0.1,162
10605,16,17.45,30,0.05,497.325
10605,59,55,20,0.05,1045
10605,60,34,70,0.05,2261
10605,71,21.5,15,0.05,306.375
10606,4,22,20,0.2,352
10606,55,24,20,0.2,384
10606,62,49.3,10,0.2,394.4
10607,7,30,45,0,1350
10607,17,39,100,0,3900
10607,33,2.5,14,0,35
10607,40,18.4,42,0,772.8
10607,72,34.8,12,0,417.6
10608,56,38,28,0,1064
10609,1,18,3,0,54
10609,10,31,10,0,310
10609,21,10,6,0,60
10610,36,19,21,0.25,299.25
10611,1,18,6,0,108
10611,2,19,10,0,190
10611,60,34,15,0,510
10612,10,31,70,0,2170
10612,36,19,55,0,1045
10612,49,20,18,0,360
10612,60,34,40,0,1360
10612,76,18,80,0,1440
10613,13,6,8,0.1,43.2
10613,75,7.75,40,0,310
10614,11,21,14,0,294
10614,21,10,8,0,80
10614,39,18,5,0,90
10615,55,24,5,0,120
10616,38,263.5,15,0.05,3754.875
10616,56,38,14,0,532
10616,70,15,15,0.05,213.75
10616,71,21.5,15,0.05,306.375
10617,59,55,30,0.15,1402.5
10618,6,25,70,0,1750
10618,56,38,20,0,760
10618,68,12.5,15,0,187.5
10619,21,10,42,0,420
10619,22,21,40,0,840
10620,24,4.5,5,0,22.5
10620,52,7,5,0,35
10621,19,9.2,5,0,46
10621,23,9,10,0,90
10621,70,15,20,0,300
10621,71,21.5,15,0,322.5
10622,2,19,20,0,380
10622,68,12.5,18,0.2,180
10623,14,23.25,21,0,488.25
10623,19,9.2,15,0.1,124.2
10623,21,10,25,0.1,225
10623,24,4.5,3,0,13.5
10623,35,18,30,0.1,486
10624,28,45.6,10,0,456
10624,29,123.79,6,0,742.74
10624,44,19.45,10,0,194.5
10625,14,23.25,3,0,69.75
10625,42,14,5,0,70
10625,60,34,10,0,340
10626,53,32.8,12,0,393.6
10626,60,34,20,0,680
10626,71,21.5,20,0,430
10627,62,49.3,15,0,739.5
10627,73,15,35,0.15,446.25
10628,1,18,25,0,450
10629,29,123.79,20,0,2475.8
10629,64,33.25,9,0,299.25
10630,55,24,12,0.05,273.6
10630,76,18,35,0,630
10631,75,7.75,8,0.1,55.8
10632,2,19,30,0.05,541.5
10632,33,2.5,20,0.05,47.5
10633,12,38,36,0.15,1162.8
10633,13,6,13,0.15,66.3
10633,26,31.23,35,0.15,929.0925
10633,62,49.3,80,0.15,3352.4
10634,7,30,35,0,1050
10634,18,62.5,50,0,3125
10634,51,53,15,0,795
10634,75,7.75,2,0,15.5
10635,4,22,10,0.1,198
10635,5,21.35,15,0.1,288.225
10635,22,21,40,0,840
10636,4,22,25,0,550
10636,58,13.25,6,0,79.5
10637,11,21,10,0,210
10637,50,16.25,25,0.05,385.9375
10637,56,38,60,0.05,2166
10638,45,9.5,20,0,190
10638,65,21.05,21,0,442.05
10638,72,34.8,60,0,2088
10639,18,62.5,8,0,500
10640,69,36,20,0.25,540
10640,70,15,15,0.25,168.75
10641,2,19,50,0,950
10641,40,18.4,60,0,1104
10642,21,10,30,0.2,240
10642,61,28.5,20,0.2,456
10643,28,45.6,15,0.25,513
10643,39,18,21,0.25,283.5
10643,46,12,2,0.25,18
10644,18,62.5,4,0.1,225
10644,43,46,20,0,920
10644,46,12,21,0.1,226.8
10645,18,62.5,20,0,1250
10645,36,19,15,0,285
10646,1,18,15,0.25,202.5
10646,10,31,18,0.25,418.5
10646,71,21.5,30,0.25,483.75
10646,77,13,35,0.25,341.25
10647,19,9.2,30,0,276
10647,39,18,20,0,360
10648,22,21,15,0,315
10648,24,4.5,15,0.15,57.375
10649,28,45.6,20,0,912
10649,72,34.8,15,0,522
10650,30,25.89,30,0,776.7
10650,53,32.8,25,0.05,779
10650,54,7.45,30,0,223.5
10651,19,9.2,12,0.25,82.8
10651,22,21,20,0.25,315
10652,30,25.89,2,0.25,38.835
10652,42,14,20,0,280
10653,16,17.45,30,0.1,471.15
10653,60,34,20,0.1,612
10654,4,22,12,0.1,237.6
10654,39,18,20,0.1,324
10654,54,7.45,6,0.1,40.23
10655,41,9.65,20,0.2,154.4
10656,14,23.25,3,0.1,62.775
10656,44,19.45,28,0.1,490.14
10656,47,9.5,6,0.1,51.3
10657,15,15.5,50,0,775
10657,41,9.65,24,0,231.6
10657,46,12,45,0,540
10657,47,9.5,10,0,95
10657,56,38,45,0,1710
10657,60,34,30,0,1020
10658,21,10,60,0,600
10658,40,18.4,70,0.05,1223.6
10658,60,34,55,0.05,1776.5
10658,77,13,70,0.05,864.5
10659,31,12.5,20,0.05,237.5
10659,40,18.4,24,0.05,419.52
10659,70,15,40,0.05,570
10660,20,81,21,0,1701
10661,39,18,3,0.2,43.2
10661,58,13.25,49,0.2,519.4
10662,68,12.5,10,0,125
10663,40,18.4,30,0.05,524.4
10663,42,14,30,0.05,399
10663,51,53,20,0.05,1007
10664,10,31,24,0.15,632.4
10664,56,38,12,0.15,387.6
10664,65,21.05,15,0.15,268.3875
10665,51,53,20,0,1060
10665,59,55,1,0,55
10665,76,18,10,0,180
10666,29,123.79,36,0,4456.44
10666,65,21.05,10,0,210.5
10667,69,36,45,0.2,1296
10667,71,21.5,14,0.2,240.8
10668,31,12.5,8,0.1,90
10668,55,24,4,0.1,86.4
10668,64,33.25,15,0.1,448.875
10669,36,19,30,0,570
10670,23,9,32,0,288
10670,46,12,60,0,720
10670,67,14,25,0,350
10670,73,15,50,0,750
10670,75,7.75,25,0,193.75
10671,16,17.45,10,0,174.5
10671,62,49.3,10,0,493
10671,65,21.05,12,0,252.6
10672,38,263.5,15,0.1,3557.25
10672,71,21.5,12,0,258
10673,16,17.45,3,0,52.35
10673,42,14,6,0,84
10673,43,46,6,0,276
10674,23,9,5,0,45
10675,14,23.25,30,0,697.5
10675,53,32.8,10,0,328
10675,58,13.25,30,0,397.5
10676,10,31,2,0,62
10676,19,9.2,7,0,64.4
10676,44,19.45,21,0,408.45
10677,26,31.23,30,0.15,796.365
10677,33,2.5,8,0.15,17
10678,12,38,100,0,3800
10678,33,2.5,30,0,75
10678,41,9.65,120,0,1158
10678,54,7.45,30,0,223.5
10679,59,55,12,0,660
10680,16,17.45,50,0.25,654.375
10680,31,12.5,20,0.25,187.5
10680,42,14,40,0.25,420
10681,19,9.2,30,0.1,248.4
10681,21,10,12,0.1,108
10681,64,33.25,28,0,931
10682,33,2.5,30,0,75
10682,66,17,4,0,68
10682,75,7.75,30,0,232.5
10683,52,7,9,0,63
10684,40,18.4,20,0,368
10684,47,9.5,40,0,380
10684,60,34,30,0,1020
10685,10,31,20,0,620
10685,41,9.65,4,0,38.6
10685,47,9.5,15,0,142.5
10686,17,39,30,0.2,936
10686,26,31.23,15,0,468.45
10687,9,97,50,0.25,3637.5
10687,29,123.79,10,0,1237.9
10687,36,19,6,0.25,85.5
10688,10,31,18,0.1,502.2
10688,28,45.6,60,0.1,2462.4
10688,34,14,14,0,196
10689,1,18,35,0.25,472.5
10690,56,38,20,0.25,570
10690,77,13,30,0.25,292.5
10691,1,18,30,0,540
10691,29,123.79,40,0,4951.6
10691,43,46,40,0,1840
10691,44,19.45,24,0,466.8
10691,62,49.3,48,0,2366.4
10692,63,43.9,20,0,878
10693,9,97,6,0,582
10693,54,7.45,60,0.15,379.95
10693,69,36,30,0.15,918
10693,73,15,15,0.15,191.25
10694,7,30,90,0,2700
10694,59,55,25,0,1375
10694,70,15,50,0,750
10695,8,40,10,0,400
10695,12,38,4,0,152
10695,24,4.5,20,0,90
10696,17,39,20,0,780
10696,46,12,18,0,216
10697,19,9.2,7,0.25,48.3
10697,35,18,9,0.25,121.5
10697,58,13.25,30,0.25,298.125
10697,70,15,30,0.25,337.5
10698,11,21,15,0,315
10698,17,39,8,0.05,296.4
10698,29,123.79,12,0.05,1411.206
10698,65,21.05,65,0.05,1299.8375
10698,70,15,8,0.05,114
10699,47,9.5,12,0,114
10700,1,18,5,0.2,72
10700,34,14,12,0.2,134.4
10700,68,12.5,40,0.2,400
10700,71,21.5,60,0.2,1032
10701,59,55,42,0.15,1963.5
10701,71,21.5,20,0.15,365.5
10701,76,18,35,0.15,535.5
10702,3,10,6,0,60
10702,76,18,15,0,270
10703,2,19,5,0,95
10703,59,55,35,0,1925
10703,73,15,35,0,525
10704,4,22,6,0,132
10704,24,4.5,35,0,157.5
10704,48,12.75,24,0,306
10705,31,12.5,20,0,250
10705,32,32,4,0,128
10706,16,17.45,20,0,349
10706,43,46,24,0,1104
10706,59,55,8,0,440
10707,55,24,21,0,504
10707,57,19.5,40,0,780
10707,70,15,28,0.15,357
10708,5,21.35,4,0,85.4
10708,36,19,5,0,95
10709,8,40,40,0,1600
10709,51,53,28,0,1484
10709,60,34,10,0,340
10710,19,9.2,5,0,46
10710,47,9.5,5,0,47.5
10711,19,9.2,12,0,110.4
10711,41,9.65,42,0,405.3
10711,53,32.8,120,0,3936
10712,53,32.8,3,0.05,93.48
10712,56,38,30,0,1140
10713,10,31,18,0,558
10713,26,31.23,30,0,936.9
10713,45,9.5,110,0,1045
10713,46,12,24,0,288
10714,2,19,30,0.25,427.5
10714,17,39,27,0.25,789.75
10714,47,9.5,50,0.25,356.25
10714,56,38,18,0.25,513
10714,58,13.25,12,0.25,119.25
10715,10,31,21,0,651
10715,71,21.5,30,0,645
10716,21,10,5,0,50
10716,51,53,7,0,371
10716,61,28.5,10,0,285
10717,21,10,32,0.05,304
10717,54,7.45,15,0,111.75
10717,69,36,25,0.05,855
10718,12,38,36,0,1368
10718,16,17.45,20,0,349
10718,36,19,40,0,760
10718,62,49.3,20,0,986
10719,18,62.5,12,0.25,562.5
10719,30,25.89,3,0.25,58.2525
10719,54,7.45,40,0.25,223.5
10720,35,18,21,0,378
10720,71,21.5,8,0,172
10721,44,19.45,50,0.05,923.875
10722,2,19,3,0,57
10722,31,12.5,50,0,625
10722,68,12.5,45,0,562.5
10722,75,7.75,42,0,325.5
10723,26,31.23,15,0,468.45
10724,10,31,16,0,496
10724,61,28.5,5,0,142.5
10725,41,9.65,12,0,115.8
10725,52,7,4,0,28
10725,55,24,6,0,144
10726,4,22,25,0,550
10726,11,21,5,0,105
10727,17,39,20,0.05,741
10727,56,38,10,0.05,361
10727,59,55,10,0.05,522.5
10728,30,25.89,15,0,388.35
10728,40,18.4,6,0,110.4
10728,55,24,12,0,288
10728,60,34,15,0,510
10729,1,18,50,0,900
10729,21,10,30,0,300
10729,50,16.25,40,0,650
10730,16,17.45,15,0.05,248.6625
10730,31,12.5,3,0.05,35.625
10730,65,21.05,10,0.05,199.975
10731,21,10,40,0.05,380
10731,51,53,30,0.05,1510.5
10732,76,18,20,0,360
10733,14,23.25,16,0,372
10733,28,45.6,20,0,912
10733,52,7,25,0,175
10734,6,25,30,0,750
10734,30,25.89,15,0,388.35
10734,76,18,20,0,360
10735,61,28.5,20,0.1,513
10735,77,13,2,0.1,23.4
10736,65,21.05,40,0,842
10736,75,7.75,20,0,155
10737,13,6,4,0,24
10737,41,9.65,12,0,115.8
10738,16,17.45,3,0,52.35
10739,36,19,6,0,114
10739,52,7,18,0,126
10740,28,45.6,5,0.2,182.4
10740,35,18,35,0.2,504
10740,45,9.5,40,0.2,304
10740,56,38,14,0.2,425.6
10741,2,19,15,0.2,228
10742,3,10,20,0,200
10742,60,34,50,0,1700
10742,72,34.8,35,0,1218
10743,46,12,28,0.05,319.2
10744,40,18.4,50,0.2,736
10745,18,62.5,24,0,1500
10745,44,19.45,16,0,311.2
10745,59,55,45,0,2475
10745,72,34.8,7,0,243.6
10746,13,6,6,0,36
10746,42,14,28,0,392
10746,62,49.3,9,0,443.7
10746,69,36,40,0,1440
10747,31,12.5,8,0,100
10747,41,9.65,35,0,337.75
10747,63,43.9,9,0,395.1
10747,69,36,30,0,1080
10748,23,9,44,0,396
10748,40,18.4,40,0,736
10748,56,38,28,0,1064
10749,56,38,15,0,570
10749,59,55,6,0,330
10749,76,18,10,0,180
10750,14,23.25,5,0.15,98.8125
10750,45,9.5,40,0.15,323
10750,59,55,25,0.15,1168.75
10751,26,31.23,12,0.1,337.284
10751,30,25.89,30,0,776.7
10751,50,16.25,20,0.1,292.5
10751,73,15,15,0,225
10752,1,18,8,0,144
10752,69,36,3,0,108
10753,45,9.5,4,0,38
10753,74,10,5,0,50
10754,40,18.4,3,0,55.2
10755,47,9.5,30,0.25,213.75
10755,56,38,30,0.25,855
10755,57,19.5,14,0.25,204.75
10755,69,36,25,0.25,675
10756,18,62.5,21,0.2,1050
10756,36,19,20,0.2,304
10756,68,12.5,6,0.2,60
10756,69,36,20,0.2,576
10757,34,14,30,0,420
10757,59,55,7,0,385
10757,62,49.3,30,0,1479
10757,64,33.25,24,0,798
10758,26,31.23,20,0,624.6
10758,52,7,60,0,420
10758,70,15,40,0,600
10759,32,32,10,0,320
10760,25,14,12,0.25,126
10760,27,43.9,40,0,1756
10760,43,46,30,0.25,1035
10761,25,14,35,0.25,367.5
10761,75,7.75,18,0,139.5
10762,39,18,16,0,288
10762,47,9.5,30,0,285
10762,51,53,28,0,1484
10762,56,38,60,0,2280
10763,21,10,40,0,400
10763,22,21,6,0,126
10763,24,4.5,20,0,90
10764,3,10,20,0.1,180
10764,39,18,130,0.1,2106
10765,65,21.05,80,0.1,1515.6
10766,2,19,40,0,760
10766,7,30,35,0,1050
10766,68,12.5,40,0,500
10767,42,14,2,0,28
10768,22,21,4,0,84
10768,31,12.5,50,0,625
10768,60,34,15,0,510
10768,71,21.5,12,0,258
10769,41,9.65,30,0.05,275.025
10769,52,7,15,0.05,99.75
10769,61,28.5,20,0,570
10769,62,49.3,15,0,739.5
10770,11,21,15,0.25,236.25
10771,71,21.5,16,0,344
10772,29,123.79,18,0,2228.22
10772,59,55,25,0,1375
10773,17,39,33,0,1287
10773,31,12.5,70,0.2,700
10773,75,7.75,7,0.2,43.4
10774,31,12.5,2,0.25,18.75
10774,66,17,50,0,850
10775,10,31,6,0,186
10775,67,14,3,0,42
10776,31,12.5,16,0.05,190
10776,42,14,12,0.05,159.6
10776,45,9.5,27,0.05,243.675
10776,51,53,120,0.05,6042
10777,42,14,20,0.2,224
10778,41,9.65,10,0,96.5
10779,16,17.45,20,0,349
10779,62,49.3,20,0,986
10780,70,15,35,0,525
10780,77,13,15,0,195
10781,54,7.45,3,0.2,17.88
10781,56,38,20,0.2,608
10781,74,10,35,0,350
10782,31,12.5,1,0,12.5
10783,31,12.5,10,0,125
10783,38,263.5,5,0,1317.5
10784,36,19,30,0,570
10784,39,18,2,0.15,30.6
10784,72,34.8,30,0.15,887.4
10785,10,31,10,0,310
10785,75,7.75,10,0,77.5
10786,8,40,30,0.2,960
10786,30,25.89,15,0.2,310.68
10786,75,7.75,42,0.2,260.4
10787,2,19,15,0.05,270.75
10787,29,123.79,20,0.05,2352.01
10788,19,9.2,50,0.05,437
10788,75,7.75,40,0.05,294.5
10789,18,62.5,30,0,1875
10789,35,18,15,0,270
10789,63,43.9,30,0,1317
10789,68,12.5,18,0,225
10790,7,30,3,0.15,76.5
10790,56,38,20,0.15,646
10791,29,123.79,14,0.05,1646.407
10791,41,9.65,20,0.05,183.35
10792,2,19,10,0,190
10792,54,7.45,3,0,22.35
10792,68,12.5,15,0,187.5
10793,41,9.65,14,0,135.1
10793,52,7,8,0,56
10794,14,23.25,15,0.2,279
10794,54,7.45,6,0.2,35.76
10795,16,17.45,65,0,1134.25
10795,17,39,35,0.25,1023.75
10796,26,31.23,21,0.2,524.664
10796,44,19.45,10,0,194.5
10796,64,33.25,35,0.2,931
10796,69,36,24,0.2,691.2
10797,11,21,20,0,420
10798,62,49.3,2,0,98.6
10798,72,34.8,10,0,348
10799,13,6,20,0.15,102
10799,24,4.5,20,0.15,76.5
10799,59,55,25,0,1375
10800,11,21,50,0.1,945
10800,51,53,10,0.1,477
10800,54,7.45,7,0.1,46.935
10801,17,39,40,0.25,1170
10801,29,123.79,20,0.25,1856.85
10802,30,25.89,25,0.25,485.4375
10802,51,53,30,0.25,1192.5
10802,55,24,60,0.25,1080
10802,62,49.3,5,0.25,184.875
10803,19,9.2,24,0.05,209.76
10803,25,14,15,0.05,199.5
10803,59,55,15,0.05,783.75
10804,10,31,36,0,1116
10804,28,45.6,24,0,1094.4
10804,49,20,4,0.15,68
10805,34,14,10,0,140
10805,38,263.5,10,0,2635
10806,2,19,20,0.25,285
10806,65,21.05,2,0,42.1
10806,74,10,15,0.25,112.5
10807,40,18.4,1,0,18.4
10808,56,38,20,0.15,646
10808,76,18,50,0.15,765
10809,52,7,20,0,140
10810,13,6,7,0,42
10810,25,14,5,0,70
10810,70,15,5,0,75
10811,19,9.2,15,0,138
10811,23,9,18,0,162
10811,40,18.4,30,0,552
10812,31,12.5,16,0.1,180
10812,72,34.8,40,0.1,1252.8
10812,77,13,20,0,260
10813,2,19,12,0.2,182.4
10813,46,12,35,0,420
10814,41,9.65,20,0,193
10814,43,46,20,0.15,782
10814,48,12.75,8,0.15,86.7
10814,61,28.5,30,0.15,726.75
10815,33,2.5,16,0,40
10816,38,263.5,30,0.05,7509.75
10816,62,49.3,20,0.05,936.7
10817,26,31.23,40,0.15,1061.82
10817,38,263.5,30,0,7905
10817,40,18.4,60,0.15,938.4
10817,62,49.3,25,0.15,1047.625
10818,32,32,20,0,640
10818,41,9.65,20,0,193
10819,43,46,7,0,322
10819,75,7.75,20,0,155
10820,56,38,30,0,1140
10821,35,18,20,0,360
10821,51,53,6,0,318
10822,62,49.3,3,0,147.9
10822,70,15,6,0,90
10823,11,21,20,0.1,378
10823,57,19.5,15,0,292.5
10823,59,55,40,0.1,1980
10823,77,13,15,0.1,175.5
10824,41,9.65,12,0,115.8
10824,70,15,9,0,135
10825,26,31.23,12,0,374.76
10825,53,32.8,20,0,656
10826,31,12.5,35,0,437.5
10826,57,19.5,15,0,292.5
10827,10,31,15,0,465
10827,39,18,21,0,378
10828,20,81,5,0,405
10828,38,263.5,2,0,527
10829,2,19,10,0,190
10829,8,40,20,0,800
10829,13,6,10,0,60
10829,60,34,21,0,714
10830,6,25,6,0,150
10830,39,18,28,0,504
10830,60,34,30,0,1020
10830,68,12.5,24,0,300
10831,19,9.2,2,0,18.4
10831,35,18,8,0,144
10831,38,263.5,8,0,2108
10831,43,46,9,0,414
10832,13,6,3,0.2,14.4
10832,25,14,10,0.2,112
10832,44,19.45,16,0.2,248.96
10832,64,33.25,3,0,99.75
10833,7,30,20,0.1,540
10833,31,12.5,9,0.1,101.25
10833,53,32.8,9,0.1,265.68
10834,29,123.79,8,0.05,940.804
10834,30,25.89,20,0.05,491.91
10835,59,55,15,0,825
10835,77,13,2,0.2,20.8
10836,22,21,52,0,1092
10836,35,18,6,0,108
10836,57,19.5,24,0,468
10836,60,34,60,0,2040
10836,64,33.25,30,0,997.5
10837,13,6,6,0,36
10837,40,18.4,25,0,460
10837,47,9.5,40,0.25,285
10837,76,18,21,0.25,283.5
10838,1,18,4,0.25,54
10838,18,62.5,25,0.25,1171.875
10838,36,19,50,0.25,712.5
10839,58,13.25,30,0.1,357.75
10839,72,34.8,15,0.1,469.8
10840,25,14,6,0.2,67.2
10840,39,18,10,0.2,144
10841,10,31,16,0,496
10841,56,38,30,0,1140
10841,59,55,50,0,2750
10841,77,13,15,0,195
10842,11,21,15,0,315
10842,43,46,5,0,230
10842,68,12.5,20,0,250
10842,70,15,12,0,180
10843,51,53,4,0.25,159
10844,22,21,35,0,735
10845,23,9,70,0.1,567
10845,35,18,25,0.1,405
10845,42,14,42,0.1,529.2
10845,58,13.25,60,0.1,715.5
10845,64,33.25,48,0,1596
10846,4,22,21,0,462
10846,70,15,30,0,450
10846,74,10,20,0,200
10847,1,18,80,0.2,1152
10847,19,9.2,12,0.2,88.32
10847,37,26,60,0.2,1248
10847,45,9.5,36,0.2,273.6
10847,60,34,45,0.2,1224
10847,71,21.5,55,0.2,946
10848,5,21.35,30,0,640.5
10848,9,97,3,0,291
10849,3,10,49,0,490
10849,26,31.23,18,0.15,477.819
10850,25,14,20,0.15,238
10850,33,2.5,4,0.15,8.5
10850,70,15,30,0.15,382.5
10851,2,19,5,0.05,90.25
10851,25,14,10,0.05,133
10851,57,19.5,10,0.05,185.25
10851,59,55,42,0.05,2194.5
10852,2,19,15,0,285
10852,17,39,6,0,234
10852,62,49.3,50,0,2465
10853,18,62.5,10,0,625
10854,10,31,100,0.15,2635
10854,13,6,65,0.15,331.5
10855,16,17.45,50,0,872.5
10855,31,12.5,14,0,175
10855,56,38,24,0,912
10855,65,21.05,15,0.15,268.3875
10856,2,19,20,0,380
10856,42,14,20,0,280
10857,3,10,30,0,300
10857,26,31.23,35,0.25,819.7875
10857,29,123.79,10,0.25,928.425
10858,7,30,5,0,150
10858,27,43.9,10,0,439
10858,70,15,4,0,60
10859,24,4.5,40,0.25,135
10859,54,7.45,35,0.25,195.5625
10859,64,33.25,30,0.25,748.125
10860,51,53,3,0,159
10860,76,18,20,0,360
10861,17,39,42,0,1638
10861,18,62.5,20,0,1250
10861,21,10,40,0,400
10861,33,2.5,35,0,87.5
10861,62,49.3,3,0,147.9
10862,11,21,25,0,525
10862,52,7,8,0,56
10863,1,18,20,0.15,306
10863,58,13.25,12,0.15,135.15
10864,35,18,4,0,72
10864,67,14,15,0,210
10865,38,263.5,60,0.05,15019.5
10865,39,18,80,0.05,1368
10866,2,19,21,0.25,299.25
10866,24,4.5,6,0.25,20.25
10866,30,25.89,40,0.25,776.7
10867,53,32.8,3,0,98.4
10868,26,31.23,20,0,624.6
10868,35,18,30,0,540
10868,49,20,42,0.1,756
10869,1,18,40,0,720
10869,11,21,10,0,210
10869,23,9,50,0,450
10869,68,12.5,20,0,250
10870,35,18,3,0,54
10870,51,53,2,0,106
10871,6,25,50,0.05,1187.5
10871,16,17.45,12,0.05,198.93
10871,17,39,16,0.05,592.8
10872,55,24,10,0.05,228
10872,62,49.3,20,0.05,936.7
10872,64,33.25,15,0.05,473.8125
10872,65,21.05,21,0.05,419.9475
10873,21,10,20,0,200
10873,28,45.6,3,0,136.8
10874,10,31,10,0,310
10875,19,9.2,25,0,230
10875,47,9.5,21,0.1,179.55
10875,49,20,15,0,300
10876,46,12,21,0,252
10876,64,33.25,20,0,665
10877,16,17.45,30,0.25,392.625
10877,18,62.5,25,0,1562.5
10878,20,81,20,0.05,1539
10879,40,18.4,12,0,220.8
10879,65,21.05,10,0,210.5
10879,76,18,10,0,180
10880,23,9,30,0.2,216
10880,61,28.5,30,0.2,684
10880,70,15,50,0.2,600
10881,73,15,10,0,150
10882,42,14,25,0,350
10882,49,20,20,0.15,340
10882,54,7.45,32,0.15,202.64
10883,24,4.5,8,0,36
10884,21,10,40,0.05,380
10884,56,38,21,0.05,758.1
10884,65,21.05,12,0.05,239.97
10885,2,19,20,0,380
10885,24,4.5,12,0,54
10885,70,15,30,0,450
10885,77,13,25,0,325
10886,10,31,70,0,2170
10886,31,12.5,35,0,437.5
10886,77,13,40,0,520
10887,25,14,5,0,70
10888,2,19,20,0,380
10888,68,12.5,18,0,225
10889,11,21,40,0,840
10889,38,263.5,40,0,10540
10890,17,39,15,0,585
10890,34,14,10,0,140
10890,41,9.65,14,0,135.1
10891,30,25.89,15,0.05,368.9325
10892,59,55,40,0.05,2090
10893,8,40,30,0,1200
10893,24,4.5,10,0,45
10893,29,123.79,24,0,2970.96
10893,30,25.89,35,0,906.15
10893,36,19,20,0,380
10894,13,6,28,0.05,159.6
10894,69,36,50,0.05,1710
10894,75,7.75,120,0.05,883.5
10895,24,4.5,110,0,495
10895,39,18,45,0,810
10895,40,18.4,91,0,1674.4
10895,60,34,100,0,3400
10896,45,9.5,15,0,142.5
10896,56,38,16,0,608
10897,29,123.79,80,0,9903.2
10897,30,25.89,36,0,932.04
10898,13,6,5,0,30
10899,39,18,8,0.15,122.4
10900,70,15,3,0.25,33.75
10901,41,9.65,30,0,289.5
10901,71,21.5,30,0,645
10902,55,24,30,0.15,612
10902,62,49.3,6,0.15,251.43
10903,13,6,40,0,240
10903,65,21.05,21,0,442.05
10903,68,12.5,20,0,250
10904,58,13.25,15,0,198.75
10904,62,49.3,35,0,1725.5
10905,1,18,20,0.05,342
10906,61,28.5,15,0,427.5
10907,75,7.75,14,0,108.5
10908,7,30,20,0.05,570
10908,52,7,14,0.05,93.1
10909,7,30,12,0,360
10909,16,17.45,15,0,261.75
10909,41,9.65,5,0,48.25
10910,19,9.2,12,0,110.4
10910,49,20,10,0,200
10910,61,28.5,5,0,142.5
10911,1,18,10,0,180
10911,17,39,12,0,468
10911,67,14,15,0,210
10912,11,21,40,0.25,630
10912,29,123.79,60,0.25,5570.55
10913,4,22,30,0.25,495
10913,33,2.5,40,0.25,75
10913,58,13.25,15,0,198.75
10914,71,21.5,25,0,537.5
10915,17,39,10,0,390
10915,33,2.5,30,0,75
10915,54,7.45,10,0,74.5
10916,16,17.45,6,0,104.7
10916,32,32,6,0,192
10916,57,19.5,20,0,390
10917,30,25.89,1,0,25.89
10917,60,34,10,0,340
10918,1,18,60,0.25,810
10918,60,34,25,0.25,637.5
10919,16,17.45,24,0,418.8
10919,25,14,24,0,336
10919,40,18.4,20,0,368
10920,50,16.25,24,0,390
10921,35,18,10,0,180
10921,63,43.9,40,0,1756
10922,17,39,15,0,585
10922,24,4.5,35,0,157.5
10923,42,14,10,0.2,112
10923,43,46,10,0.2,368
10923,67,14,24,0.2,268.8
10924,10,31,20,0.1,558
10924,28,45.6,30,0.1,1231.2
10924,75,7.75,6,0,46.5
10925,36,19,25,0.15,403.75
10925,52,7,12,0.15,71.4
10926,11,21,2,0,42
10926,13,6,10,0,60
10926,19,9.2,7,0,64.4
10926,72,34.8,10,0,348
10927,20,81,5,0,405
10927,52,7,5,0,35
10927,76,18,20,0,360
10928,47,9.5,5,0,47.5
10928,76,18,5,0,90
10929,21,10,60,0,600
10929,75,7.75,49,0,379.75
10929,77,13,15,0,195
10930,21,10,36,0,360
10930,27,43.9,25,0,1097.5
10930,55,24,25,0.2,480
10930,58,13.25,30,0.2,318
10931,13,6,42,0.15,214.2
10931,57,19.5,30,0,585
10932,16,17.45,30,0.1,471.15
10932,62,49.3,14,0.1,621.18
10932,72,34.8,16,0,556.8
10932,75,7.75,20,0.1,139.5
10933,53,32.8,2,0,65.6
10933,61,28.5,30,0,855
10934,6,25,20,0,500
10935,1,18,21,0,378
10935,18,62.5,4,0.25,187.5
10935,23,9,8,0.25,54
10936,36,19,30,0.2,456
10937,28,45.6,8,0,364.8
10937,34,14,20,0,280
10938,13,6,20,0.25,90
10938,43,46,24,0.25,828
10938,60,34,49,0.25,1249.5
10938,71,21.5,35,0.25,564.375
10939,2,19,10,0.15,161.5
10939,67,14,40,0.15,476
10940,7,30,8,0,240
10940,13,6,20,0,120
10941,31,12.5,44,0.25,412.5
10941,62,49.3,30,0.25,1109.25
10941,68,12.5,80,0.25,750
10941,72,34.8,50,0,1740
10942,49,20,28,0,560
10943,13,6,15,0,90
10943,22,21,21,0,441
10943,46,12,15,0,180
10944,11,21,5,0.25,78.75
10944,44,19.45,18,0.25,262.575
10944,56,38,18,0,684
10945,13,6,20,0,120
10945,31,12.5,10,0,125
10946,10,31,25,0,775
10946,24,4.5,25,0,112.5
10946,77,13,40,0,520
10947,59,55,4,0,220
10948,50,16.25,9,0,146.25
10948,51,53,40,0,2120
10948,55,24,4,0,96
10949,6,25,12,0,300
10949,10,31,30,0,930
10949,17,39,6,0,234
10949,62,49.3,60,0,2958
10950,4,22,5,0,110
10951,33,2.5,15,0.05,35.625
10951,41,9.65,6,0.05,55.005
10951,75,7.75,50,0.05,368.125
10952,6,25,16,0.05,380
10952,28,45.6,2,0,91.2
10953,20,81,50,0.05,3847.5
10953,31,12.5,50,0.05,593.75
10954,16,17.45,28,0.15,415.31
10954,31,12.5,25,0.15,265.625
10954,45,9.5,30,0,285
10954,60,34,24,0.15,693.6
10955,75,7.75,12,0.2,74.4
10956,21,10,12,0,120
10956,47,9.5,14,0,133
10956,51,53,8,0,424
10957,30,25.89,30,0,776.7
10957,35,18,40,0,720
10957,64,33.25,8,0,266
10958,5,21.35,20,0,427
10958,7,30,6,0,180
10958,72,34.8,5,0,174
10959,75,7.75,20,0.15,131.75
10960,24,4.5,10,0.25,33.75
10960,41,9.65,24,0,231.6
10961,52,7,6,0.05,39.9
10961,76,18,60,0,1080
10962,7,30,45,0,1350
10962,13,6,77,0,462
10962,53,32.8,20,0,656
10962,69,36,9,0,324
10962,76,18,44,0,792
10963,60,34,2,0.15,57.8
10964,18,62.5,6,0,375
10964,38,263.5,5,0,1317.5
10964,69,36,10,0,360
10965,51,53,16,0,848
10966,37,26,8,0,208
10966,56,38,12,0.15,387.6
10966,62,49.3,12,0.15,502.86
10967,19,9.2,12,0,110.4
10967,49,20,40,0,800
10968,12,38,30,0,1140
10968,24,4.5,30,0,135
10968,64,33.25,4,0,133
10969,46,12,9,0,108
10970,52,7,40,0.2,224
10971,29,123.79,14,0,1733.06
10972,17,39,6,0,234
10972,33,2.5,7,0,17.5
10973,26,31.23,5,0,156.15
10973,41,9.65,6,0,57.9
10973,75,7.75,10,0,77.5
10974,63,43.9,10,0,439
10975,8,40,16,0,640
10975,75,7.75,10,0,77.5
10976,28,45.6,20,0,912
10977,39,18,30,0,540
10977,47,9.5,30,0,285
10977,51,53,10,0,530
10977,63,43.9,20,0,878
10978,8,40,20,0.15,680
10978,21,10,40,0.15,340
10978,40,18.4,10,0,184
10978,44,19.45,6,0.15,99.195
10979,7,30,18,0,540
10979,12,38,20,0,760
10979,24,4.5,80,0,360
10979,27,43.9,30,0,1317
10979,31,12.5,24,0,300
10979,63,43.9,35,0,1536.5
10980,75,7.75,40,0.2,248
10981,38,263.5,60,0,15810
10982,7,30,20,0,600
10982,43,46,9,0,414
10983,13,6,84,0.15,428.4
10983,57,19.5,15,0,292.5
10984,16,17.45,55,0,959.75
10984,24,4.5,20,0,90
10984,36,19,40,0,760
10985,16,17.45,36,0.1,565.38
10985,18,62.5,8,0.1,450
10985,32,32,35,0.1,1008
10986,11,21,30,0,630
10986,20,81,15,0,1215
10986,76,18,10,0,180
10986,77,13,15,0,195
10987,7,30,60,0,1800
10987,43,46,6,0,276
10987,72,34.8,20,0,696
10988,7,30,60,0,1800
10988,62,49.3,40,0.1,1774.8
10989,6,25,40,0,1000
10989,11,21,15,0,315
10989,41,9.65,4,0,38.6
10990,21,10,65,0,650
10990,34,14,60,0.15,714
10990,55,24,65,0.15,1326
10990,61,28.5,66,0.15,1598.85
10991,2,19,50,0.2,760
10991,70,15,20,0.2,240
10991,76,18,90,0.2,1296
10992,72,34.8,2,0,69.6
10993,29,123.79,50,0.25,4642.125
10993,41,9.65,35,0.25,253.3125
10994,59,55,18,0.05,940.5
10995,51,53,20,0,1060
10995,60,34,4,0,136
10996,42,14,40,0,560
10997,32,32,50,0,1600
10997,46,12,20,0.25,180
10997,52,7,20,0.25,105
10998,24,4.5,12,0,54
10998,61,28.5,7,0,199.5
10998,74,10,20,0,200
10998,75,7.75,30,0,232.5
10999,41,9.65,20,0.05,183.35
10999,51,53,15,0.05,755.25
10999,77,13,21,0.05,259.35
11000,4,22,25,0.25,412.5
11000,24,4.5,30,0.25,101.25
11000,77,13,30,0,390
11001,7,30,60,0,1800
11001,22,21,25,0,525
11001,46,12,25,0,300
11001,55,24,6,0,144
11002,13,6,56,0,336
11002,35,18,15,0.15,229.5
11002,42,14,24,0.15,285.6
11002,55,24,40,0,960
11003,1,18,4,0,72
11003,40,18.4,10,0,184
11003,52,7,10,0,70
11004,26,31.23,6,0,187.38
11004,76,18,6,0,108
11005,1,18,2,0,36
11005,59,55,10,0,550
11006,1,18,8,0,144
11006,29,123.79,2,0.25,185.685
11007,8,40,30,0,1200
11007,29,123.79,10,0,1237.9
11007,42,14,14,0,196
11008,28,45.6,70,0.05,3032.4
11008,34,14,90,0.05,1197
11008,71,21.5,21,0,451.5
11009,24,4.5,12,0,54
11009,36,19,18,0.25,256.5
11009,60,34,9,0,306
11010,7,30,20,0,600
11010,24,4.5,10,0,45
11011,58,13.25,40,0.05,503.5
11011,71,21.5,20,0,430
11012,19,9.2,50,0.05,437
11012,60,34,36,0.05,1162.8
11012,71,21.5,60,0.05,1225.5
11013,23,9,10,0,90
11013,42,14,4,0,56
11013,45,9.5,20,0,190
11013,68,12.5,2,0,25
11014,41,9.65,28,0.1,243.18
11015,30,25.89,15,0,388.35
11015,77,13,18,0,234
11016,31,12.5,15,0,187.5
11016,36,19,16,0,304
11017,3,10,25,0,250
11017,59,55,110,0,6050
11017,70,15,30,0,450
11018,12,38,20,0,760
11018,18,62.5,10,0,625
11018,56,38,5,0,190
11019,46,12,3,0,36
11019,49,20,2,0,40
11020,10,31,24,0.15,632.4
11021,2,19,11,0.25,156.75
11021,20,81,15,0,1215
11021,26,31.23,63,0,1967.49
11021,51,53,44,0.25,1749
11021,72,34.8,35,0,1218
11022,19,9.2,35,0,322
11022,69,36,30,0,1080
11023,7,30,4,0,120
11023,43,46,30,0,1380
11024,26,31.23,12,0,374.76
11024,33,2.5,30,0,75
11024,65,21.05,21,0,442.05
11024,71,21.5,50,0,1075
11025,1,18,10,0.1,162
11025,13,6,20,0.1,108
11026,18,62.5,8,0,500
11026,51,53,10,0,530
11027,24,4.5,30,0.25,101.25
11027,62,49.3,21,0.25,776.475
11028,55,24,35,0,840
11028,59,55,24,0,1320
11029,56,38,20,0,760
11029,63,43.9,12,0,526.8
11030,2,19,100,0.25,1425
11030,5,21.35,70,0,1494.5
11030,29,123.79,60,0.25,5570.55
11030,59,55,100,0.25,4125
11031,1,18,45,0,810
11031,13,6,80,0,480
11031,24,4.5,21,0,94.5
11031,64,33.25,20,0,665
11031,71,21.5,16,0,344
11032,36,19,35,0,665
11032,38,263.5,25,0,6587.5
11032,59,55,30,0,1650
11033,53,32.8,70,0.1,2066.4
11033,69,36,36,0.1,1166.4
11034,21,10,15,0.1,135
11034,44,19.45,12,0,233.4
11034,61,28.5,6,0,171
11035,1,18,10,0,180
11035,35,18,60,0,1080
11035,42,14,30,0,420
11035,54,7.45,10,0,74.5
11036,13,6,7,0,42
11036,59,55,30,0,1650
11037,70,15,4,0,60
11038,40,18.4,5,0.2,73.6
11038,52,7,2,0,14
11038,71,21.5,30,0,645
11039,28,45.6,20,0,912
11039,35,18,24,0,432
11039,49,20,60,0,1200
11039,57,19.5,28,0,546
11040,21,10,20,0,200
11041,2,19,30,0.2,456
11041,63,43.9,30,0,1317
11042,44,19.45,15,0,291.75
11042,61,28.5,4,0,114
11043,11,21,10,0,210
11044,62,49.3,12,0,591.6
11045,33,2.5,15,0,37.5
11045,51,53,24,0,1272
11046,12,38,20,0.05,722
11046,32,32,15,0.05,456
11046,35,18,18,0.05,307.8
11047,1,18,25,0.25,337.5
11047,5,21.35,30,0.25,480.375
11048,68,12.5,42,0,525
11049,2,19,10,0.2,152
11049,12,38,4,0.2,121.6
11050,76,18,50,0.1,810
11051,24,4.5,10,0.2,36
11052,43,46,30,0.2,1104
11052,61,28.5,10,0.2,228
11053,18,62.5,35,0.2,1750
11053,32,32,20,0,640
11053,64,33.25,25,0.2,665
11054,33,2.5,10,0,25
11054,67,14,20,0,280
11055,24,4.5,15,0,67.5
11055,25,14,15,0,210
11055,51,53,20,0,1060
11055,57,19.5,20,0,390
11056,7,30,40,0,1200
11056,55,24,35,0,840
11056,60,34,50,0,1700
11057,70,15,3,0,45
11058,21,10,3,0,30
11058,60,34,21,0,714
11058,61,28.5,4,0,114
11059,13,6,30,0,180
11059,17,39,12,0,468
11059,60,34,35,0,1190
11060,60,34,4,0,136
11060,77,13,10,0,130
11061,60,34,15,0,510
11062,53,32.8,10,0.2,262.4
11062,70,15,12,0.2,144
11063,34,14,30,0,420
11063,40,18.4,40,0.1,662.4
11063,41,9.65,30,0.1,260.55
11064,17,39,77,0.1,2702.7
11064,41,9.65,12,0,115.8
11064,53,32.8,25,0.1,738
11064,55,24,4,0.1,86.4
11064,68,12.5,55,0,687.5
11065,30,25.89,4,0.25,77.67
11065,54,7.45,20,0.25,111.75
11066,16,17.45,3,0,52.35
11066,19,9.2,42,0,386.4
11066,34,14,35,0,490
11067,41,9.65,9,0,86.85
11068,28,45.6,8,0.15,310.08
11068,43,46,36,0.15,1407.6
11068,77,13,28,0.15,309.4
11069,39,18,20,0,360
11070,1,18,40,0.15,612
11070,2,19,20,0.15,323
11070,16,17.45,30,0.15,444.975
11070,31,12.5,20,0,250
11071,7,30,15,0.05,427.5
11071,13,6,10,0.05,57
11072,2,19,8,0,152
11072,41,9.65,40,0,386
11072,50,16.25,22,0,357.5
11072,64,33.25,130,0,4322.5
11073,11,21,10,0,210
11073,24,4.5,20,0,90
11074,16,17.45,14,0.05,232.085
11075,2,19,10,0.15,161.5
11075,46,12,30,0.15,306
11075,76,18,2,0.15,30.6
11076,6,25,20,0.25,375
11076,14,23.25,20,0.25,348.75
11076,19,9.2,10,0.25,69
11077,2,19,24,0.2,364.8
11077,3,10,4,0,40
11077,4,22,1,0,22
11077,6,25,1,0.02,24.5
11077,7,30,1,0.05,28.5
11077,8,40,2,0.1,72
11077,10,31,1,0,31
11077,12,38,2,0.05,72.2
11077,13,6,4,0,24
11077,14,23.25,1,0.03,22.5525
11077,16,17.45,2,0.03,33.853
11077,20,81,1,0.04,77.76
11077,23,9,2,0,18
11077,32,32,1,0,32
11077,39,18,2,0.05,34.2
11077,41,9.65,3,0,28.95
11077,46,12,3,0.02,35.28
11077,52,7,2,0,14
11077,55,24,2,0,48
11077,60,34,2,0.06,63.92
11077,64,33.25,2,0.03,64.505
11077,66,17,1,0,17
11077,73,15,2,0.01,29.7
11077,75,7.75,4,0,31
11077,77,13,2,0,26
